{"ResNet152V2": {"Model Name": "ResNet152V2", "Training Time (seconds)": 833.7695660591125, "Train Accuracy": 0.9950811862945557, "Validation Accuracy": 0.9955752491950989, "Train Loss": 0.3790423274040222, "Validation Loss": 0.3563641905784607}, "Xception": {"Model Name": "Xception", "Training Time (seconds)": 439.8589458465576, "Train Accuracy": 0.9970486760139465, "Validation Accuracy": 0.9955752491950989, "Train Loss": 0.18939486145973206, "Validation Loss": 0.1790637969970703}, "VGG16": {"Model Name": "VGG16", "Training Time (seconds)": 262.4263405799866, "Train Accuracy": 0.9355632066726685, "Validation Accuracy": 0.5486725568771362, "Train Loss": 1.4871671199798584, "Validation Loss": 7.522562026977539}, "MobileNetV2": {"Model Name": "MobileNetV2", "Training Time (seconds)": 435.5091698169708, "Train Accuracy": 0.99655681848526, "Validation Accuracy": 0.9955752491950989, "Train Loss": 0.24200594425201416, "Validation Loss": 0.24281655251979828}, "InceptionV3": {"Model Name": "InceptionV3", "Training Time (seconds)": 438.1148316860199, "Train Accuracy": 0.9955730438232422, "Validation Accuracy": 0.9867256879806519, "Train Loss": 0.23689055442810059, "Validation Loss": 0.25972142815589905}, "DenseNet121": {"Model Name": "DenseNet121", "Training Time (seconds)": 508.6292543411255, "Train Accuracy": 0.9970486760139465, "Validation Accuracy": 0.9955752491950989, "Train Loss": 0.19473664462566376, "Validation Loss": 0.18856073915958405}}